model,serial
100F,FH100FC579152
100F,FH100FC580563
100F,FH100FG57797526070R16
100F,FH100FC580556
1010,1010RS29447
1010,1010RUS34310
1010,1010RUS57204
1010,1010RU29000
1010,1010RUS56559
1010,1010RUS34740
1010,1010RUS51334
1010,145G4H30896
1010,1010RS19330
1010,1010RU533735
1010,1010RU16172
1010,1010RUS32842
1010,1010RS29065
1010,1010RU34010
1010,1010R39018
1010,1010RS23921
1010,1010RUS34740
1010,1010RUS53560
1010,1010RS32885
1010,1010RU853567
1010,M51TW1441661
1010,1010RD56445
1010,1010RS13822
1020,41TR023524T
1020,T4R3H060348T
1020,4R3C026284T
1020,T4R1C042071T
1020,4R1C022997T
1020,SNE0037001317C
1020,4R1C043876
1020,4R1C043876T
1020,T4R3C052614T
1020,4R3C022094T
1020,1020T4H3C024369L
1020,4R1C031319T
1020,NT4L3CU29976T
1020,6NT4R1G027334T
1020,T4L1D103280
1020,4R1C030084T
1020,4R3C022094T
1020,T4R10038195T
1020,SNM4114019498
1020,SNT4F1C023681T
1020,TR3C092048T
1020,UAT10202023
1020,T4R1C1261381
1020,NT4P3C023754T
1020,4R3C022951T
1020,T4R10040498T
1020,T4R3H060348T
1020,T4R/H1252481
1020,4H3C028923T
1020,4R1C051606T
1020,SNM41TR035985T
1020,4H1C0186T6T
1020,T4R1C1297501
1020,T4R1C131516T
1020,6NT4R1C0314757
1020,4H3C0855591
1020,SFR84GRS72HK90
1020,4R1C026768T
1020,T4R1C023061T
1020,AR1C034525T
1020,SNT4R1C019409T
1020,T4R1C1258651
1020,SNN41TR035985T
1023E,1LV1023ELMN148701
1023E,1LV1023ELKK130004
1023E,1LV1023EHEH411464
1023E,1LV1023EAJJ120639
1023E,1LV1023EAHJ114995
1023E,1LV1023EJBE112577
1023E,1LV1023EKKK130268
1023E,1LV1023ETRR164208
1023E,1LV1023ETHJ114941
1023E,1LV1023ECRR163212
1023E,1LV1023ELKK131346
1023E,1LV1023EPKK131578
1023E,1LV1023ECJJ120825
1023E,1LV1023ECPP157086
1023E,1LV1023ECLK134163
1023E,1LV1023EHFH511596
1023E,1LV1023EJEH414339
1023E,1LV1023EPSS168050
1023E,1LV1023ECKK131553
1023E,1LV1023ECJJ117620
1023E,1LV1023ECKK127440
1023E,1LV1023EPKK130222
1023E,1LV1023ETMN149367
1023E,1LV1023EANP155359
1023E,1LV1023EERR163136
1023E,1LV1023ETEH415440
1023E,1LV1023ECKK129021
1023E,1LV1023EVNN154755
1023E,1LV1023ECSS167551
1023E,1LV1023ELGH512845
1023E,1LV1023EHNN152296
1023E,1LV1023EHFH511257
1023E,1LV1023ETKK127478
1023E,1LV1023EVMM144604
1023E,1LV1023EHNN152251
1023E,1LV1023EKJJ119615
1023E,1LV1023ETCH211945
1023E,1LV1023EHEH411707
1023E,1LV1023EPRR164274
1023E,1LV1023EVKK130825
1023E,1LV1023ECKK126076
1023E,1LV1023ELGG101922
1023E,1LV1023EPNN153728
1023E,1LV1023EKLM139767
1023E,1LV1023ECAE110098
1023E,1LV1023ELHH105643
1023E,1LV1023EJKK128537
1023E,1LV1023ETRR163964
1023E,1LV1023EAMM141316
1023E,1LV1023ELRR163117
1023E,1LV1023ELJJ116284
1023E,1LV1023EEMN149270
1023E,1LV1023ECKK125879
1023E,1LV1023ECAE110336
1023E,1LV1023EPRR162928
1023E,1LV1023EVEH414800
1023E,1LV1023EVNN153265
1023E,1LV1023EJGH513357
1023E,1LV1023ETLL138105
1023E,1LV1023ELJJ122277
1023E,1LV1023ETMM141663
1023E,1LV1023EVTT168616
1023E,1LV1023EJRR163046
1023E,1LV1023EVCH214447
1023E,1LV1023EPMM141146
1023E,1LV1023EEJJ117373
1023E,1LV1023EHJJ123544
1023E,1LV1023EVBE111481
1023E,1LV1023ETLM139653
1023E,1LV1023EEJJ118037
1023E,1LV1023ELNN151440
1023E,1LV1023ECSS168103
1023E,CALLSHANEFORTHIS1
1023E,1LV1023ECEH412343
1023E,1LV1023EPGH513906
1023E,1LV1023EPFH511474
1023E,1LV1023EAMM146757
1023E,1LV1023EECH212123
1023E,1LV1023EPKK128437
1023E,1LV1023EERR163959
1023E,1LV1023ECRR164098
1023E,1LV1023EESS167816
1023E,1LV1023ETRS166050
1023E,1LV1023EJSS168052
1023E,1LV1023EHMN149395
1023E,1LV1023ECDH410445
1023E,1LV1023EKLK137318
1023E,1LV1023ELEH412774
1023E,1LV1023EERR162889
1023E,1LV1023ECSS167610
1023E,1LV1023EJTT168659
1023E,1LV1023EETT168783
1023E,1LV1023EKSS167577
1023E,1LV1023EJLM139883
1023E,1LV1023ETGG101537
1023E,1LV1023ETHH107351
1023E,1LV1023EPMM145729
1023E,1LV1023ECKK126076
1023E,1LV1023ETKX126652
1023E,1LV1023EPSS167903
1023E,1LV1023EANN152277
1023E,1LV1023ELNN151339
1023E,1LV1023ECNP155617
1023E,1LV1023EKSS166686
1023E,1LV1023EENN152249
1023E,1LV1023EPEH414385
1023E,1LV1023ECHH106528
1023E,1LV1023EJMM144485
1023E,1LV1023ECKK129021
1023E,1LV1023ETGG104776
1023E,1LV1023EAEH413776
1023E,1LV1023EHPP157019
1023E,1LV1023EVSS166742
1023E,1LV1023ECFH510984
1023E,1LV1023EPJJ118222
1023E,1LV1023ECLK137573
1023E,1M01054DJFM053803
1023E,1LV1023EVKK126905
1023E,1LV1023ECGG101794
1023E,1LV1023EAJJ119734
1023E,1LV1023EKMM142685
1023E,1LV1023EHGG101288
1023E,1LV1023EHFH511680
1023E,1LV1023EHSS168074
1023E,1LV1023ETEH411887
1023E,1LV1023EPFHS11796
1023E,1LV1023EJNN150007
1023E,1LV1023EJHJ108609
1023E,1LV1023EEKK131219
1023E,1LV1023EPJJ117510
1023E,1LV1023EJNN150735
1023E,1LV1023EJNN153666
1023E,1LV1023ECGG100273
1023E,1LV1023EENN151411
1023E,1LV1023EVMM148166
1023E,1LV1023EJMM147578
1023E,1LV1023EPKK127515
1023E,1LV1023EVHH107342
1023E,1LV1023EVLK137419
1023E,1LV1023ECMM146657
1023E,1LV1023EPKK125313
1023E,1LV1023ETCH213677
1023E,1LV1023ECGG100149
1023E,1LV1023EHLM139678
1023E,1LV1023EHNN150080
1023E,1LV1023EPKK131807
1023E,1LV1023EJLM139558
1023E,1LV1023EJEH413420
1023E,1LV1023EVNN150981
1023E,1LV1023ETRR163835
1023E,1LV1023EHJJ118831
1023E,1LV1023EKRR162946
1023E,1LV1023ETLK134545
1023E,1LV1023EVLK134097
1023E,1LV1023EARR163049
1023E,1LV1023EHEH411626
1023E,1LV1023ECKK131309
1023E,1LV1023EPEH415035
1023E,1LV1023ECNN150180
1023E,1LV1023ECKK126370
1023E,1LV1023ETMN149062
1023E,1LV1023ECEH414335
1023E,1LV1023EJRR163208
1023E,5JAX2020JD1023E00
1023E,1LV1023EHMM144509
1023E,1LV1023EKHJ108902
1023E,1LV1023ECLM139683
1023E,1LV1023ETJJ123953
1023E,1LV1023ELFH511659
1023E,1LV1023EEJJ121388
1023E,1LV1023EVMN149148
1023E,1LV1023EJJJ119437
1023E,1LV1023ELLK135964
1023E,1LV1023ETKK131563
1023E,1LV1023EENN150355
1023E,1LV1023EELK136177
1023E,1LV1023EABE111675
1023E,1LV1023ECHJ109690
1023E,1LV1023EHMM147331
1023E,1LV1023ETCH213677
1023E,1LV1023ECLK134950
1023E,1LV1023ETEH411615
1023E,1LV1023EJHJ115284
1023E,1LV1023ECKK128337
1023E,1LV1023EAEH412790
1023E,1LV1023EHHH107913
1023E,1LV1023EEJJ117292
1023E,1LV1023EALK137650
1023E,1LV1023ELLL138681
1023E,1LV1023EAMM145737
1023E,1LV1023EVKK128945
1023E,1LV1023EJNN152324
1023E,1LV1023ELNP156433
1023E,1LV1023ELCH214418
1023E,1LV1023EPHH105536
1023E,1LV1023EPKK125814
1023E,1LV1023ETJJ117537
1023E,1LV1023EEEH415113
1023E,1LV1023ETJJ119711
1023E,1LV1023EKMM147305
1023E,1LV1023ECNN150079
1023E,1LV1023ECGH513692
1023E,1LV1023ETJJ118994
1023E,1LV1023EHKK129470
1023E,1LV1023ELKK129242
1023E,1LV1023ELKK131198
1023E,1LV1023EPKK129149
1023E,1LV1023ECPR159215
1023E,1LV1023EJCH215076
1023E,1LV1023ECMN149769
1023E,1LV1023EPNN152191
1023E,1LV1023ETKK130266
1023E,1LV1023EHCH214470
1023E,1LV1023EAMM145012
1023E,1LV1023EHGG101601
1023E,1L1023ECFH511083
1023E,1M01054DTHM077680
1023E,1LV1023ETNN152349
1023E,1LV1023ELMM144332
1023E,1LV1023EHKK124480
1023E,1LV1023EAEH414961
1023E,1LV1023EECH212543
1023E,1LV1023ELHJ108843
1023E,1LV1023EELK137538
1023E,1LV1023ETCH214375
1023E,1LV1023ECRS166046
1023E,1LV1023ETEH412036
1023E,1LV1023EVAE110555
1023E,1LV1023EERR163203
1023E,1LV1023EEMM145354
1023E,1LV1023EJJJ119907
1023E,1LV1023EVMM141024
1023E,1LV1023EKFH510374
1023E,1LV1023ELMM145898
1023E,1LV1023EHJJ118893
1023E,1LV1023EJLK135943
1023E,1LV1023EEMM143359
1023E,1LV1023EKCH215335
1023E,1LV1023ETCH214182
1023E,1LV1023ELHJ114478
1023E,1LV1023EVLL138385
1023E,1LV1023ETJJ123306
1023E,1LV1023EAEH411624
1023E,1LV1023EPFH511992
1023E,1LV1023EHHJ115485
1023E,1LV1023EPMM141437
1023E,1LV1023EPGG103XXX
1023E,1LV1023ECFH512184
1023E,1LV1023ECMM144794
1023E,1LV1023EAHH105415
1023E,1LV1023EEMM143541
1023E,1LV1023EPFH510325
1023E,1LV1023ECGG101553
1023E,1LV1023EPJJ117524
1023E,1LV1023ETKK129022
1023E,1LV1023EARR163584
1023E,1LV1023EVMM143176
1023E,1LV1023EHJJ117114
1023E,1LV1023EVEH412710
1023E,1LV1023EHRR163118
1023E,1LV1023EHPP158123
1023E,1LV1023EHMN148621
1023E,1LV1023EKEH412587
1023E,1LV1023ELKK125384
1023E,1LV1023EPFH511796
1023E,1LV1023ELHJ115422
1023E,1LV1023ECMM141667
1023E,1LV1023ELKK131802
1023E,1LV1023EKLK134077
1023E,1LV1023EENN153840
1023E,1LV1023ECKK129298
1023E,1LV1023EKBE111251
1023E,1LV1023ECKK126031
1023E,1LV1023ECNN150526
1023E,1LV1023ECGG102847
1023E,1LV1023ELMM143956
1023E,1LV1023EHBE112277
1023E,1LV1023EVLL138256
1023E,1LV1023ECJJ119181
1023E,1LV1023ECJJ123702
1023E,1LV1023ETNN155199
1023E,1LV1023EEHH105158
1023E,1LV1023ELNN150949
1023E,1LV1023EEMM144608
1023E,1LV1023EAMM147620
1023E,1LV1023EKNN153052
1023E,1LV1023ECFH510225
1023E,1LV1023EVEH414036
1023E,1LV1023EKBE111640
1023E,1LV1023EVNN151208
1023E,1LV1023ECHH106053
1023E,1LV1023EHMM141965
1023E,1LV1023ETNN153839
1023E,1LV1023EVNN149989
1023E,1LV1023ECMM145119
1023E,1LV1023EJMM146012
1023E,1LV1023ETHH105583
1023E,1LV1023ETCH213596
1023E,1LV1023EEEH414723
1023E,1LV1023EHCH211908
1023E,1LV1023EKNP156490
1023E,1LV1023EVFH511111
1023E,1LV1023EAHH105740
1023E,1LV1023EVNN152231
1023E,1LV1023ETEH414255
1023E,1LV1023EPKK129572
1023E,1LV1023ETRR162927
1023E,1LV1023ETPR159118
1023E,1LV1023ETJJ120602
1023E,1LV1023EHHJ109024
1023E,1LV1023ETMM147320
1023E,1LV1023EAMM145267
1023E,1LV1023ECMM145833
1023E,1LV1023EKKK125491
1023E,1LV1023ECKK128801
1023E,1LV1023ELMM145285
1023E,1LV1023EHJJ118893
1023E,1LV1023EANN153560
1023E,1LV1023EAMM142658
1023E,1LV1023EAJJ123878
1023E,1LV1023ECNN152163
1023E,031023E2020031245
1023E,1LV1023EJJJ118482
1023E,1LV1023EKKK131131
1023E,1LV1023EAGG101188
1023E,1LV1023EKMM144498
1023E,1LV1023EAJJ123248
1023E,1LV1023EHKK129078
1023E,1LV1023ETMM142389
1023E,1LV1023ETHJ109707
1023E,1LV1023EENN151036
1023E,1LV1023ETLL139349
1023E,1LV1023ELJJ124238
1023E,1LV1023ECMM146893
1023E,1LV1023EALK134599
1023E,1LV1023EPLK134305
1023E,1LV1023EKEH411746
1023E,1LV1023EHAE110690
1023E,1LV1023EVMM140956
1023E,1LV1023ELKK125370
1023E,1LV1023EVJJ116685
1023E,1LV1023EVKK126676
1023E,1LV1023EJAE110021
1023E,1LV1023ECNP155478
1023E,1LV1023ECHJ109339
1023E,1LV1023ECKK127440
1023E,1LV1023ETMN149353
1023E,1LV1023EEMN149320
1023E,1LV1023EVKK128931
1023E,1LV1023EALM139709
1023E,1LV1023EHNN150547
1023E,1LV1023EKDH410157
1023E,1LV1023EPCH213227
1023E,1LV1023EEJJ123383
1023E,1LV1023EVLK137002
1023E,1LV1023ECLL138183
1023E,1LV1023EPMN149046
1023E,1LV1023EJHH105846
1023E,1LV1023EKMM147790
1023E,1LV1023EVRR163907
1023E,1LV1023EPNN154152
1023E,1LV1023EPNP156357
1023E,1LV1023ETMM142604
1023E,1LV1023EAHH106743
1023E,1LV1023EVMM141184
1023E,1LV1023EJKK128327
1023E,1LV1023ELKK127894
1023E,1LV1023EKLL138852
1023E,1LV1023ELNN153155
1023E,1LV1023EEMN149317
1023E,1LV1023ETKK125228
1023E,1LV1023EVLM140051
1023E,1LV1023EEEH410932
1023E,1LV1023ECK127382
1023E,1LV1023ELNN153706
1023E,1LV1023EVMN148940
1023E,1LV1023EAMM147469
1023E,1LV1023EAMM143048
1023E,1LV1023EAKK131734
1023E,1LV1023EJPR159155
1023E,1LV1023EPJJ118060
1023E,1LV1023EKLK137450
1023E,1LV1023EEHJ115410
1023E,1LV1023ETJJ116789
1023E,1LV1023JJJ117901
1023E,1LV1023EVJJ120090
1023E,1LV1023EKMM146350
1023E,1LV1023EEJJ116465
1023E,1LV1023EEHJ109039
1023E,1LV1023EJDH310433
1023E,1LV1023EKMM147305
1023E,1LV1023EVKK127309
1023E,1LV1023EPRR163822
1023E,1LV1023EHBE113056
1023E,1LV1023ELMM142628
1023E,1LV1023ELMM143388
1023E,1LV1023EHKK130716
1023E,1LV1023EKMM144257
1023E,1LV1023EJNN151755
1023E,1LV1023ETHH106698
1023E,1LV1023ELHH107666
1023E,1LV1023EARR163844
1023E,1LV1023ELGG102231
1023E,1LV1023EEBE112152
1023E,1LV1023ELMM141799
1023E,1LV1023ECNN150258
1023E,1LV1023EVNN154299
1023E,1LV1023EKJJ120814
1023E,1LV1023ECFH511083
1023E,1LV1023ETCH213596
1023E,1LV1023EEEH411207
1023E,1LV1023ECLK136091
1023E,1LV1023EEJJ123321
1023E,1LV1023ECNN153001
1023E,1LV1023EPKK125554
1023E,1LV1023EELK136521
1023E,1LV1023ELJJ123252
1023E,1LV1023EPMN148639
1023E,1LV1023ECKK128869
1023E,1LV1023EHBE110982
1023E,1LV1023EANN150528
1023E,1LV1023EALL138503
1023E,1LV1023EAMM143874
1023E,1L1023ELNN155181
1023E,1LV1023EHLK137893
1023E,1LV1023EANN150741
1023E,1LV1023EERR163105
1023E,1LV1023EPGG102544
1023E,1LV1023ECLK134390
